[
  {
    "symbol": "AMZN",
    "live_price": 239.3,
    "name": "Amazon.com, Inc.",
    "image": "https://icons.duckduckgo.com/ip3/amazon.com.ico"
  },
  {
    "symbol": "NFLX",
    "name": "Netflix, Inc.",
    "image": "https://icons.duckduckgo.com/ip3/netflix.com.ico",
    "live_price": 83.49
  },
  {
    "symbol": "CVX",
    "live_price": 176.9,
    "name": "Chevron Corporation",
    "image": "https://icons.duckduckgo.com/ip3/chevron.com.ico"
  },
  {
    "symbol": "XOM",
    "live_price": 141.4,
    "name": "Exxon Mobil Corporation",
    "image": "https://icons.duckduckgo.com/ip3/exxonmobil.com.ico"
  },
  {
    "symbol": "PFE",
    "live_price": 26.44,
    "name": "Pfizer Inc.",
    "base_price": 25.89,
    "image": "https://icons.duckduckgo.com/ip3/pfizer.com.ico"
  },
  {
    "symbol": "HD",
    "live_price": 374.59,
    "name": "Home Depot, Inc.",
    "image": "https://icons.duckduckgo.com/ip3/homedepot.com.ico"
  },
  {
    "symbol": "TR",
    "live_price": 37.88,
    "name": "Tootsie Roll Industries, Inc.",
    "image": "https://icons.duckduckgo.com/ip3/tootsie.com.ico"
  },
  {
    "symbol": "KHC",
    "live_price": 23.74,
    "name": "The Kraft Heinz Company",
    "image": "https://icons.duckduckgo.com/ip3/kraftheinzcompany.com.ico"
  },
  {
    "symbol": "JNJ",
    "live_price": 227.25,
    "name": "Johnson & Johnson",
    "base_price": 100.63,
    "image": "https://icons.duckduckgo.com/ip3/jnj.com.ico"
  },
  {
    "symbol": "GM",
    "live_price": 84.0,
    "name": "General Motors Company",
    "base_price": 31.47,
    "image": "https://icons.duckduckgo.com/ip3/gm.com.ico"
  },
  {
    "symbol": "NKE",
    "live_price": 61.81,
    "name": "Nike, Inc.",
    "base_price": 50.94,
    "image": "https://icons.duckduckgo.com/ip3/nike.com.ico"
  },
  {
    "symbol": "DIS",
    "live_price": 112.8,
    "name": "The Walt Disney Company",
    "base_price": 104.34,
    "image": "https://icons.duckduckgo.com/ip3/disney.com.ico"
  },
  {
    "symbol": "UAA",
    "live_price": 6.17,
    "name": "Under Armour, Inc.",
    "base_price": 30.47,
    "image": "https://icons.duckduckgo.com/ip3/underarmour.com.ico"
  },
  {
    "symbol": "CMG",
    "live_price": 38.87,
    "name": "Chipotle Mexican Grill, Inc.",
    "base_price": 398.44,
    "image": "https://icons.duckduckgo.com/ip3/chipotle.com.ico"
  },
  {
    "symbol": "SBUX",
    "live_price": 91.95,
    "name": "Starbucks Corp",
    "base_price": 51.23,
    "image": "https://icons.duckduckgo.com/ip3/starbucks.com.ico"
  },
  {
    "symbol": "MCD",
    "live_price": 315.0,
    "name": "McDonald's Corporation",
    "base_price": 105.73,
    "image": "https://icons.duckduckgo.com/ip3/mcdonalds.com.ico"
  },
  {
    "symbol": "F",
    "live_price": 13.88,
    "name": "Ford Motor Company",
    "base_price": 10.22,
    "image": "https://icons.duckduckgo.com/ip3/ford.com.ico"
  },
  {
    "symbol": "TSLA",
    "live_price": 430.41,
    "name": "Tesla, Inc.",
    "base_price": 250.0,
    "image": "https://icons.duckduckgo.com/ip3/tesla.com.ico"
  },
  {
    "symbol": "META",
    "live_price": 716.5,
    "name": "Facebook, Inc.",
    "base_price": 300.0,
    "image": "https://icons.duckduckgo.com/ip3/meta.com.ico"
  },
  {
    "symbol": "RR.L",
    "live_price": 1211.0,
    "name": "Rolls-Royce Holdings",
    "base_price": 2.0,
    "image": "https://icons.duckduckgo.com/ip3/rolls-royce.com.ico"
  },
  {
    "symbol": "005930.KQ",
    "live_price": 160700.0,
    "name": "Samsung Electronics",
    "base_price": 60.0,
    "image": "https://icons.duckduckgo.com/ip3/samsung.com.ico"
  },
  {
    "symbol": "AAPL",
    "live_price": 259.48,
    "name": "Apple Inc.",
    "base_price": 180.0,
    "image": "https://icons.duckduckgo.com/ip3/apple.com.ico"
  },
  {
    "symbol": "MSFT",
    "live_price": 430.29,
    "name": "Microsoft Corporation",
    "base_price": 330.0,
    "image": "https://icons.duckduckgo.com/ip3/microsoft.com.ico"
  },
  {
    "symbol": "NVDA",
    "live_price": 191.13,
    "name": "NVIDIA Corporation",
    "base_price": 450.0,
    "image": "https://icons.duckduckgo.com/ip3/nvidia.com.ico"
  },
  {
    "symbol": "GOOGL",
    "live_price": 338.0,
    "name": "Google LLC",
    "base_price": 130.0,
    "image": "https://icons.duckduckgo.com/ip3/google.com.ico"
  }
]